{
    "z-score": {
        "age": {
            "mean": 10.456643430540828,
            "std": 3.4835479971833054
        },
        "rh_lateralorbitofrontal_vol": {
            "mean": 8403.134676564157,
            "std": 1472.578181609129
        },
        "lh_lateralorbitofrontal_vol": {
            "mean": 8842.23860021209,
            "std": 1519.412402248002
        },
        "lh_parstriangularis_vol": {
            "mean": 4867.976670201485,
            "std": 905.8322735117122
        },
        "rh_entorhinal_vol": {
            "mean": 1966.1177094379639,
            "std": 469.0930671654489
        },
        "lh_fusiform_vol": {
            "mean": 10913.443266171793,
            "std": 1764.3844480693247
        },
        "rh_pericalcarine_vol": {
            "mean": 2600.691410392365,
            "std": 581.1945649207707
        },
        "rh_superiortemporal_vol": {
            "mean": 14043.89501590668,
            "std": 1977.4450136376158
        },
        "lh_superiorfrontal_vol": {
            "mean": 27811.293743372215,
            "std": 4002.524169552045
        },
        "lh_isthmuscingulate_vol": {
            "mean": 3270.586426299046,
            "std": 550.236996522497
        },
        "lh_lingual_vol": {
            "mean": 7589.412513255567,
            "std": 1370.9018660192792
        },
        "lh_posteriorcingulate_vol": {
            "mean": 3953.239660657476,
            "std": 646.73691629012
        },
        "lh_rostralanteriorcingulate_vol": {
            "mean": 3004.134676564157,
            "std": 744.1390670146313
        },
        "rh_superiorparietal_vol": {
            "mean": 15825.05090137858,
            "std": 2645.1108846107245
        },
        "rh_lateraloccipital_vol": {
            "mean": 14613.386002120891,
            "std": 2471.35702888514
        },
        "rh_fusiform_vol": {
            "mean": 10717.46235418876,
            "std": 1775.322580781256
        },
        "lh_postcentral_vol": {
            "mean": 11708.449628844115,
            "std": 1755.9934598867208
        },
        "lh_supramarginal_vol": {
            "mean": 14585.128313891835,
            "std": 2579.1288703363716
        },
        "rh_lingual_vol": {
            "mean": 8183.76882290562,
            "std": 1408.3366397541783
        },
        "rh_paracentral_vol": {
            "mean": 4663.764581124072,
            "std": 694.6608023302202
        },
        "rh_caudalanteriorcingulate_vol": {
            "mean": 2311.5238600212087,
            "std": 564.7208686262109
        },
        "rh_superiorfrontal_vol": {
            "mean": 26352.849416755038,
            "std": 3912.900716558027
        },
        "rh_bankssts_vol": {
            "mean": 2782.317073170732,
            "std": 531.5251502470416
        },
        "rh_temporalpole_vol": {
            "mean": 2432.575821845175,
            "std": 547.9197315265372
        },
        "rh_rostralanteriorcingulate_vol": {
            "mean": 2245.7645811240723,
            "std": 570.9355079915531
        },
        "rh_caudalmiddlefrontal_vol": {
            "mean": 7098.955461293744,
            "std": 1554.5752316566864
        },
        "rh_parstriangularis_vol": {
            "mean": 5491.458112407211,
            "std": 1066.6498221013258
        },
        "lh_rostralmiddlefrontal_vol": {
            "mean": 20000.862142099682,
            "std": 3853.6425939780042
        },
        "lh_cuneus_vol": {
            "mean": 3597.4019088016967,
            "std": 733.8942985761316
        },
        "rh_precentral_vol": {
            "mean": 14868.955461293743,
            "std": 2155.0158161520712
        },
        "lh_inferiorparietal_vol": {
            "mean": 15411.670201484623,
            "std": 2618.056771630947
        },
        "rh_insula_vol": {
            "mean": 8090.705196182396,
            "std": 1027.9327295294859
        },
        "lh_caudalmiddlefrontal_vol": {
            "mean": 7640.67868504772,
            "std": 1602.6076314638885
        },
        "lh_medialorbitofrontal_vol": {
            "mean": 5992.991516436903,
            "std": 893.4436859061068
        },
        "rh_parahippocampal_vol": {
            "mean": 2180.2767762460235,
            "std": 331.4633461679677
        },
        "lh_precentral_vol": {
            "mean": 15484.840933191941,
            "std": 2030.2509540582241
        },
        "lh_pericalcarine_vol": {
            "mean": 2371.0890774125132,
            "std": 533.0168360106499
        },
        "rh_inferiorparietal_vol": {
            "mean": 18914.417815482502,
            "std": 3040.6947666423366
        },
        "lh_parsorbitalis_vol": {
            "mean": 3052.342523860021,
            "std": 582.6293504858395
        },
        "lh_superiorparietal_vol": {
            "mean": 16198.883351007424,
            "std": 2696.8164086969678
        },
        "rh_isthmuscingulate_vol": {
            "mean": 3057.3700954400847,
            "std": 534.3021222009321
        },
        "lh_inferiortemporal_vol": {
            "mean": 12581.235418875927,
            "std": 2443.2906419580186
        },
        "lh_insula_vol": {
            "mean": 8095.852598091198,
            "std": 1020.1833088016426
        },
        "lh_paracentral_vol": {
            "mean": 4229.680805938494,
            "std": 609.971064472072
        },
        "rh_postcentral_vol": {
            "mean": 11040.594909862142,
            "std": 1658.076431121024
        },
        "lh_frontalpole_vol": {
            "mean": 1309.5800636267231,
            "std": 263.2526288728918
        },
        "rh_middletemporal_vol": {
            "mean": 14732.013785790032,
            "std": 2310.618153985043
        },
        "lh_superiortemporal_vol": {
            "mean": 15136.171792152703,
            "std": 2331.166418939579
        },
        "lh_bankssts_vol": {
            "mean": 3038.7073170731705,
            "std": 651.4880836691981
        },
        "lh_precuneus_vol": {
            "mean": 12046.74019088017,
            "std": 1927.0179252493308
        },
        "rh_cuneus_vol": {
            "mean": 4014.0583244962886,
            "std": 814.7468754876787
        },
        "lh_middletemporal_vol": {
            "mean": 13588.961823966065,
            "std": 2323.022990378629
        },
        "lh_temporalpole_vol": {
            "mean": 2381.3096500530223,
            "std": 548.0696559305106
        },
        "rh_inferiortemporal_vol": {
            "mean": 12159.645811240722,
            "std": 2476.3100600455846
        },
        "lh_transversetemporal_vol": {
            "mean": 1418.4326617179215,
            "std": 266.6151664853676
        },
        "lh_parahippocampal_vol": {
            "mean": 2342.2905620360552,
            "std": 380.62011697473656
        },
        "rh_parsopercularis_vol": {
            "mean": 4894.58854718982,
            "std": 861.3766904937809
        },
        "rh_frontalpole_vol": {
            "mean": 1551.661717921527,
            "std": 313.28352998063997
        },
        "lh_parsopercularis_vol": {
            "mean": 5918.510074231177,
            "std": 1119.7025346436267
        },
        "rh_parsorbitalis_vol": {
            "mean": 3490.9915164369036,
            "std": 651.6883836598341
        },
        "rh_rostralmiddlefrontal_vol": {
            "mean": 19921.242841993637,
            "std": 3812.62861262154
        },
        "rh_posteriorcingulate_vol": {
            "mean": 3953.878048780488,
            "std": 625.2847885988343
        },
        "rh_supramarginal_vol": {
            "mean": 12629.98939554613,
            "std": 2265.2594879302737
        },
        "rh_medialorbitofrontal_vol": {
            "mean": 6329.110286320254,
            "std": 895.3525065393329
        },
        "lh_lateraloccipital_vol": {
            "mean": 14111.544008483563,
            "std": 2303.0456364867377
        },